"estado","população","região"
"São Paulo",45919049,"Sudeste"
"Minas Gerais",21168791,"Sudeste"
"Rio de Janeiro",17264943,"Sudeste"
"Bahia",14873064,"Nordeste"
"Paraná",11433957,"Sul"
"Rio Grande do Sul",11377239,"Sul"
"Pernambuco",9557071,"Nordeste"
"Ceará",9132078,"Nordeste"
"Pará",8602865,"Norte"
"Santa Catarina",7164788,"Sul"
"Maranhão",7075181,"Nordeste"
"Goiás",7018354,"Centro-oeste"
"Amazonas",4144597,"Norte"
"Espírito Santo",4018650,"Sudeste"
"Paraíba",4018127,"Nordeste"
"Rio Grande do Norte",3506853,"Nordeste"
"Mato Grosso",3484466,"Centro-oeste"
"Alagoas",3337357,"Nordeste"
"Piauí",3273227,"Nordeste"
"Distrito Federal",3015268,"Centro-oeste"
"Mato Grosso do Sul",2778986,"Centro-oeste"
"Sergipe",2298696,"Nordeste"
"Rondônia",1777225,"Norte"
"Tocantins",1572866,"Norte"
"Acre",881935,"Norte"
"Amapá",845731,"Norte"
"Roraima",605761,"Norte"
